{"feature_order": ["user_id", "timestamp", "msg_length", "inter_event_delta", "burst_flag", "entropy_score", "network_degree", "coordination_score", "action_type_like", "action_type_post"], "weights": [-0.06087139306157572, -0.043961685410827386, -1.4260966503356456, -62.76438901392992, -2.0768347152206976, 1.7302659426096394, -1.8241878750047085, 2.6620205146599574, 0.10446626108510766, 0.5605961208638403], "bias": -17.05163545011305}